{"cameraMode":{"drawMode":0,"name":"Shaded","section":"Shading Mode"},"sceneLighting":true,"audioPlay":false,"sceneViewState":{"showFog":true,"showMaterialUpdate":false,"showSkybox":true,"showFlares":true,"showImageEffects":true,"showParticleSystems":true,"showVisualEffectGraphs":true,"m_FxEnabled":true},"in2DMode":false,"pivot":{"x":1.7615966796875,"y":0.08170831203460694,"z":1.1731109619140626},"rotation":{"x":-0.16207097470760346,"y":-0.07067449390888214,"z":0.011640289798378945,"w":-0.9841943979263306},"size":22.631160736083986,"orthographic":false}