{"cameraMode":{"drawMode":0,"name":"Shaded","section":"Shading Mode"},"sceneLighting":true,"audioPlay":false,"sceneViewState":{"showFog":true,"showMaterialUpdate":false,"showSkybox":true,"showFlares":true,"showImageEffects":true,"showParticleSystems":true,"showVisualEffectGraphs":true,"m_FxEnabled":true},"in2DMode":false,"pivot":{"x":0.000003337860107421875,"y":9.419563293457032,"z":-1.6253852844238282},"rotation":{"x":-0.003454356687143445,"y":-0.9845064282417297,"z":0.17427244782447816,"w":-0.019502736628055574},"size":13.026857376098633,"orthographic":false}