{"cameraMode":{"drawMode":0,"name":"Shaded","section":"Shading Mode"},"sceneLighting":true,"audioPlay":false,"sceneViewState":{"showFog":true,"showMaterialUpdate":false,"showSkybox":true,"showFlares":true,"showImageEffects":true,"showParticleSystems":true,"showVisualEffectGraphs":true,"m_FxEnabled":true},"in2DMode":false,"pivot":{"x":5.960464477539063e-7,"y":1.5071300268173218,"z":-0.2600616216659546},"rotation":{"x":-0.003454356687143445,"y":-0.9845064282417297,"z":0.17427244782447816,"w":-0.019502736628055574},"size":1.694542646408081,"orthographic":false}