{"cameraMode":{"drawMode":0,"name":"Shaded","section":"Shading Mode"},"sceneLighting":true,"audioPlay":false,"sceneViewState":{"showFog":true,"showMaterialUpdate":false,"showSkybox":true,"showFlares":true,"showImageEffects":true,"showParticleSystems":true,"showVisualEffectGraphs":true,"m_FxEnabled":true},"in2DMode":false,"pivot":{"x":-1.3185687065124512,"y":9.224937438964844,"z":-4.857391357421875},"rotation":{"x":-0.029090793803334237,"y":-0.9690929055213928,"z":0.13781237602233888,"w":-0.20286992192268372},"size":11.640387535095215,"orthographic":false}